Janek,Rubach,13
Jacek,Rubach,12
Maria,Rubach,21
Adam,Rubach,19
Henryk,Rubach,19
Elżbieta,Rubach,7
Janek,Rubach,18
Jacek,Rubach,7
Maria,Rubach,3
Adam,Rubach,17
Henryk,Rubach,1
Elżbieta,Rubach,18
Janek,Rubach,18
Jacek,Rubach,7
Maria,Rubach,2
Adam,Rubach,4
Henryk,Rubach,8
Elżbieta,Rubach,16
Janek,Rubach,23
Jacek,Rubach,16
Maria,Rubach,18
Adam,Rubach,15
Henryk,Rubach,22
Elżbieta,Rubach,9
Janek,Rubach,22
Jacek,Rubach,23
Maria,Rubach,15
Adam,Rubach,18
Henryk,Rubach,17
Elżbieta,Rubach,6
Janek,Rubach,18
Jacek,Rubach,19
Maria,Rubach,17
Adam,Rubach,8
Henryk,Rubach,17
Elżbieta,Rubach,20
Janek,Rubach,9
Jacek,Rubach,3
Maria,Rubach,6
Adam,Rubach,20
Henryk,Rubach,22
Elżbieta,Rubach,3
Janek,Rubach,17
Jacek,Rubach,21
Maria,Rubach,11
Adam,Rubach,21
Henryk,Rubach,1
Elżbieta,Rubach,0
Janek,Rubach,12
Jacek,Rubach,3
Maria,Rubach,22
Adam,Rubach,20
Henryk,Rubach,17
Elżbieta,Rubach,2
Janek,Rubach,22
Jacek,Rubach,3
Maria,Rubach,17
Adam,Rubach,6
Henryk,Rubach,13
Elżbieta,Rubach,10
Janek,Rubach,1
Jacek,Rubach,18
Maria,Rubach,15
Adam,Rubach,7
Henryk,Rubach,19
Elżbieta,Rubach,22
Janek,Rubach,17
Jacek,Rubach,9
Maria,Rubach,15
Adam,Rubach,4
Henryk,Rubach,2
Elżbieta,Rubach,4
Janek,Rubach,8
Jacek,Rubach,1
Maria,Rubach,4
Adam,Rubach,21
Henryk,Rubach,23
Elżbieta,Rubach,2
Janek,Rubach,4
Jacek,Rubach,2
Maria,Rubach,21
Adam,Rubach,14
Henryk,Rubach,19
Elżbieta,Rubach,23
Janek,Rubach,13
Jacek,Rubach,15
Maria,Rubach,6
Adam,Rubach,5
Henryk,Rubach,23
Elżbieta,Rubach,13
Janek,Rubach,7
Jacek,Rubach,2
Maria,Rubach,22
Adam,Rubach,8
Henryk,Rubach,23
Elżbieta,Rubach,13
Janek,Rubach,12
Jacek,Rubach,14
Maria,Rubach,3
Adam,Rubach,18
Henryk,Rubach,21
Elżbieta,Rubach,7
Janek,Rubach,2
Jacek,Rubach,16
Maria,Rubach,2
Adam,Rubach,4
Henryk,Rubach,13
Elżbieta,Rubach,1
Janek,Rubach,7
Jacek,Rubach,17
Maria,Rubach,12
Adam,Rubach,15
Henryk,Rubach,22
Elżbieta,Rubach,14
Janek,Rubach,19
Jacek,Rubach,1
Maria,Rubach,8
Adam,Rubach,15
Henryk,Rubach,8
Elżbieta,Rubach,19
Janek,Rubach,12
Jacek,Rubach,18
Maria,Rubach,10
Adam,Rubach,11
Henryk,Rubach,2
Elżbieta,Rubach,16
Janek,Rubach,2
Jacek,Rubach,12
Maria,Rubach,17
Adam,Rubach,12
Henryk,Rubach,17
Elżbieta,Rubach,1
Janek,Rubach,4
Jacek,Rubach,2
Maria,Rubach,21
Adam,Rubach,5
Henryk,Rubach,5
Elżbieta,Rubach,14
Janek,Rubach,4
Jacek,Rubach,23
Maria,Rubach,10
Adam,Rubach,18
Henryk,Rubach,3
Elżbieta,Rubach,2
Janek,Rubach,17
Jacek,Rubach,15
Maria,Rubach,19
Adam,Rubach,20
Henryk,Rubach,15
Elżbieta,Rubach,15
Janek,Rubach,14
Jacek,Rubach,21
Maria,Rubach,22
Adam,Rubach,6
Henryk,Rubach,23
Elżbieta,Rubach,22
Janek,Rubach,19
Jacek,Rubach,15
Maria,Rubach,4
Adam,Rubach,7
Henryk,Rubach,2
Elżbieta,Rubach,20
Janek,Rubach,2
Jacek,Rubach,21
Maria,Rubach,3
Adam,Rubach,20
Henryk,Rubach,3
Elżbieta,Rubach,13
Janek,Rubach,15
Jacek,Rubach,17
Maria,Rubach,16
Adam,Rubach,17
Henryk,Rubach,0
Elżbieta,Rubach,22
Janek,Rubach,22
Jacek,Rubach,7
Maria,Rubach,20
Adam,Rubach,19
Henryk,Rubach,22
Elżbieta,Rubach,12
Janek,Rubach,12
Jacek,Rubach,16
Maria,Rubach,2
Adam,Rubach,9
Henryk,Rubach,14
Elżbieta,Rubach,20
Janek,Rubach,17
Jacek,Rubach,20
Maria,Rubach,9
Adam,Rubach,4
Henryk,Rubach,2
Elżbieta,Rubach,6
Janek,Rubach,14
Jacek,Rubach,19
Maria,Rubach,8
Adam,Rubach,11
Henryk,Rubach,21
Elżbieta,Rubach,12
Janek,Rubach,15
Jacek,Rubach,4
Maria,Rubach,14
Adam,Rubach,3
Henryk,Rubach,7
Elżbieta,Rubach,10
Janek,Rubach,1
Jacek,Rubach,10
Maria,Rubach,10
Adam,Rubach,23
Henryk,Rubach,23
Elżbieta,Rubach,17
Janek,Rubach,1
Jacek,Rubach,23
Maria,Rubach,9
Adam,Rubach,23
Henryk,Rubach,4
Elżbieta,Rubach,1
Janek,Rubach,10
Jacek,Rubach,7
Maria,Rubach,19
Adam,Rubach,18
Henryk,Rubach,21
Elżbieta,Rubach,6
Janek,Rubach,11
Jacek,Rubach,11
Maria,Rubach,19
Adam,Rubach,12
Henryk,Rubach,14
Elżbieta,Rubach,14
Janek,Rubach,3
Jacek,Rubach,8
Maria,Rubach,11
Adam,Rubach,15
Henryk,Rubach,20
Elżbieta,Rubach,3
Janek,Rubach,10
Jacek,Rubach,12
Maria,Rubach,14
Adam,Rubach,22
Henryk,Rubach,4
Elżbieta,Rubach,8
Janek,Rubach,17
Jacek,Rubach,13
Maria,Rubach,15
Adam,Rubach,16
Henryk,Rubach,5
Elżbieta,Rubach,4
Janek,Rubach,2
Jacek,Rubach,13
Maria,Rubach,19
Adam,Rubach,7
Henryk,Rubach,6
Elżbieta,Rubach,9
Janek,Rubach,9
Jacek,Rubach,23
Maria,Rubach,18
Adam,Rubach,5
Henryk,Rubach,3
Elżbieta,Rubach,6
Janek,Rubach,14
Jacek,Rubach,11
Maria,Rubach,3
Adam,Rubach,14
Henryk,Rubach,16
Elżbieta,Rubach,5
Janek,Rubach,14
Jacek,Rubach,1
Maria,Rubach,22
Adam,Rubach,9
Henryk,Rubach,7
Elżbieta,Rubach,18
Janek,Rubach,1
Jacek,Rubach,18
Maria,Rubach,19
Adam,Rubach,13
Henryk,Rubach,11
Elżbieta,Rubach,20
Janek,Rubach,13
Jacek,Rubach,21
Maria,Rubach,23
Adam,Rubach,10
Henryk,Rubach,22
Elżbieta,Rubach,21
Janek,Rubach,22
Jacek,Rubach,8
Maria,Rubach,22
Adam,Rubach,8
Henryk,Rubach,13
Elżbieta,Rubach,19
Janek,Rubach,23
Jacek,Rubach,6
Maria,Rubach,3
Adam,Rubach,4
Henryk,Rubach,12
Elżbieta,Rubach,23
Janek,Rubach,12
Jacek,Rubach,6
Maria,Rubach,18
Adam,Rubach,20
Henryk,Rubach,19
Elżbieta,Rubach,13
Janek,Rubach,8
Jacek,Rubach,10
Maria,Rubach,4
Adam,Rubach,20
Henryk,Rubach,20
Elżbieta,Rubach,4
Janek,Rubach,4
Jacek,Rubach,23
Maria,Rubach,19
Adam,Rubach,23
Henryk,Rubach,4
Elżbieta,Rubach,16
Janek,Rubach,13
Jacek,Rubach,1
Maria,Rubach,4
Adam,Rubach,20
Henryk,Rubach,10
Elżbieta,Rubach,10
Janek,Rubach,21
Jacek,Rubach,4
Maria,Rubach,13
Adam,Rubach,5
Henryk,Rubach,15
Elżbieta,Rubach,6
Janek,Rubach,17
Jacek,Rubach,7
Maria,Rubach,10
Adam,Rubach,13
Henryk,Rubach,23
Elżbieta,Rubach,21
Janek,Rubach,13
Jacek,Rubach,21
Maria,Rubach,4
Adam,Rubach,16
Henryk,Rubach,17
Elżbieta,Rubach,12
Janek,Rubach,9
Jacek,Rubach,23
Maria,Rubach,16
Adam,Rubach,14
Henryk,Rubach,15
Elżbieta,Rubach,16
Janek,Rubach,5
Jacek,Rubach,21
Maria,Rubach,19
Adam,Rubach,1
Henryk,Rubach,13
Elżbieta,Rubach,4
Janek,Rubach,13
Jacek,Rubach,3
Maria,Rubach,23
Adam,Rubach,20
Henryk,Rubach,5
Elżbieta,Rubach,11
Janek,Rubach,17
Jacek,Rubach,2
Maria,Rubach,12
Adam,Rubach,3
Henryk,Rubach,19
Elżbieta,Rubach,4
Janek,Rubach,10
Jacek,Rubach,14
Maria,Rubach,11
Adam,Rubach,19
Henryk,Rubach,16
Elżbieta,Rubach,6
Janek,Rubach,11
Jacek,Rubach,18
Maria,Rubach,9
Adam,Rubach,10
Henryk,Rubach,18
Elżbieta,Rubach,4
Janek,Rubach,6
Jacek,Rubach,23
Maria,Rubach,4
Adam,Rubach,14
Henryk,Rubach,19
Elżbieta,Rubach,2
Janek,Rubach,10
Jacek,Rubach,18
Maria,Rubach,17
Adam,Rubach,4
Henryk,Rubach,14
Elżbieta,Rubach,3
Janek,Rubach,5
Jacek,Rubach,2
Maria,Rubach,7
Adam,Rubach,1
Henryk,Rubach,1
Elżbieta,Rubach,12
Janek,Rubach,18
Jacek,Rubach,10
Maria,Rubach,14
Adam,Rubach,1
Henryk,Rubach,14
Elżbieta,Rubach,18
Janek,Rubach,21
Jacek,Rubach,12
Maria,Rubach,22
Adam,Rubach,0
Henryk,Rubach,7
Elżbieta,Rubach,5
Janek,Rubach,3
Jacek,Rubach,5
Maria,Rubach,17
Adam,Rubach,9
Henryk,Rubach,20
Elżbieta,Rubach,9
Janek,Rubach,23
Jacek,Rubach,14
Maria,Rubach,2
Adam,Rubach,3
Henryk,Rubach,6
Elżbieta,Rubach,8
Janek,Rubach,18
Jacek,Rubach,16
Maria,Rubach,3
Adam,Rubach,17
Henryk,Rubach,21
Elżbieta,Rubach,6
Janek,Rubach,22
Jacek,Rubach,2
Maria,Rubach,8
Adam,Rubach,23
Henryk,Rubach,18
Elżbieta,Rubach,6
Janek,Rubach,12
Jacek,Rubach,22
Maria,Rubach,19
Adam,Rubach,22
Henryk,Rubach,21
Elżbieta,Rubach,22
Janek,Rubach,16
Jacek,Rubach,13
Maria,Rubach,9
Adam,Rubach,14
Henryk,Rubach,18
Elżbieta,Rubach,14
Janek,Rubach,7
Jacek,Rubach,17
Maria,Rubach,13
Adam,Rubach,23
Henryk,Rubach,13
Elżbieta,Rubach,2
Janek,Rubach,18
Jacek,Rubach,10
Maria,Rubach,18
Adam,Rubach,8
Henryk,Rubach,6
Elżbieta,Rubach,9
Janek,Rubach,1
Jacek,Rubach,6
Maria,Rubach,7
Adam,Rubach,4
Henryk,Rubach,10
Elżbieta,Rubach,8
Janek,Rubach,16
Jacek,Rubach,7
Maria,Rubach,8
Adam,Rubach,9
Henryk,Rubach,3
Elżbieta,Rubach,6
Janek,Rubach,10
Jacek,Rubach,23
Maria,Rubach,18
Adam,Rubach,11
Henryk,Rubach,9
Elżbieta,Rubach,6
Janek,Rubach,11
Jacek,Rubach,18
Maria,Rubach,19
Adam,Rubach,19
Henryk,Rubach,6
Elżbieta,Rubach,14
Janek,Rubach,6
Jacek,Rubach,8
Maria,Rubach,14
Adam,Rubach,2
Henryk,Rubach,12
Elżbieta,Rubach,21
Janek,Rubach,8
Jacek,Rubach,22
Maria,Rubach,22
Adam,Rubach,17
Henryk,Rubach,4
Elżbieta,Rubach,4
Janek,Rubach,20
Jacek,Rubach,9
Maria,Rubach,19
Adam,Rubach,16
Henryk,Rubach,13
Elżbieta,Rubach,16
Janek,Rubach,3
Jacek,Rubach,5
Maria,Rubach,16
Adam,Rubach,5
Henryk,Rubach,4
Elżbieta,Rubach,15
Janek,Rubach,23
Jacek,Rubach,15
Maria,Rubach,2
Adam,Rubach,4
Henryk,Rubach,2
Elżbieta,Rubach,2
Janek,Rubach,17
Jacek,Rubach,13
Maria,Rubach,19
Adam,Rubach,7
Henryk,Rubach,8
Elżbieta,Rubach,21
Janek,Rubach,22
Jacek,Rubach,7
Maria,Rubach,11
Adam,Rubach,11
Henryk,Rubach,16
Elżbieta,Rubach,19
Janek,Rubach,22
Jacek,Rubach,9
Maria,Rubach,20
Adam,Rubach,21
Henryk,Rubach,18
Elżbieta,Rubach,13
Janek,Rubach,10
Jacek,Rubach,18
Maria,Rubach,9
Adam,Rubach,11
Henryk,Rubach,16
Elżbieta,Rubach,5
Janek,Rubach,22
Jacek,Rubach,14
Maria,Rubach,16
Adam,Rubach,3
Henryk,Rubach,19
Elżbieta,Rubach,4
Janek,Rubach,9
Jacek,Rubach,22
Maria,Rubach,19
Adam,Rubach,22
Henryk,Rubach,12
Elżbieta,Rubach,22
Janek,Rubach,20
Jacek,Rubach,7
Maria,Rubach,15
Adam,Rubach,14
Henryk,Rubach,9
Elżbieta,Rubach,4
Janek,Rubach,13
Jacek,Rubach,7
Maria,Rubach,14
Adam,Rubach,5
Henryk,Rubach,8
Elżbieta,Rubach,18
Janek,Rubach,4
Jacek,Rubach,8
Maria,Rubach,6
Adam,Rubach,6
Henryk,Rubach,9
Elżbieta,Rubach,6
Janek,Rubach,16
Jacek,Rubach,19
Maria,Rubach,18
Adam,Rubach,8
Henryk,Rubach,15
Elżbieta,Rubach,3
Janek,Rubach,16
Jacek,Rubach,4
Maria,Rubach,4
Adam,Rubach,1
Henryk,Rubach,12
Elżbieta,Rubach,7
Janek,Rubach,10
Jacek,Rubach,21
Maria,Rubach,10
Adam,Rubach,14
Henryk,Rubach,20
Elżbieta,Rubach,8
Janek,Rubach,1
Jacek,Rubach,19
Maria,Rubach,20
Adam,Rubach,23
Henryk,Rubach,17
Elżbieta,Rubach,23
Janek,Rubach,5
Jacek,Rubach,22
Maria,Rubach,21
Adam,Rubach,13
Henryk,Rubach,2
Elżbieta,Rubach,18
Janek,Rubach,22
Jacek,Rubach,12
Maria,Rubach,14
Adam,Rubach,4
Henryk,Rubach,16
Elżbieta,Rubach,19
Janek,Rubach,16
Jacek,Rubach,5
Maria,Rubach,10
Adam,Rubach,5
Henryk,Rubach,5
Elżbieta,Rubach,16
Janek,Rubach,16
Jacek,Rubach,16
Maria,Rubach,1
Adam,Rubach,9
Henryk,Rubach,13
Elżbieta,Rubach,12
Janek,Rubach,2
Jacek,Rubach,22
Maria,Rubach,11
Adam,Rubach,4
Henryk,Rubach,9
Elżbieta,Rubach,0
Janek,Rubach,11
Jacek,Rubach,6
Maria,Rubach,9
Adam,Rubach,13
Henryk,Rubach,0
Elżbieta,Rubach,5
Janek,Rubach,6
Jacek,Rubach,11
Maria,Rubach,2
Adam,Rubach,17
Henryk,Rubach,8
Elżbieta,Rubach,23
Janek,Rubach,11
Jacek,Rubach,4
Maria,Rubach,16
Adam,Rubach,9
Henryk,Rubach,6
Elżbieta,Rubach,21
Janek,Rubach,8
Jacek,Rubach,16
Maria,Rubach,9
Adam,Rubach,1
Henryk,Rubach,1
Elżbieta,Rubach,11
Janek,Rubach,5
Jacek,Rubach,19
Maria,Rubach,10
Adam,Rubach,23
Henryk,Rubach,7
Elżbieta,Rubach,15
Janek,Rubach,21
Jacek,Rubach,16
Maria,Rubach,14
Adam,Rubach,3
Henryk,Rubach,10
Elżbieta,Rubach,22
Janek,Rubach,8
Jacek,Rubach,7
Maria,Rubach,20
Adam,Rubach,8
Henryk,Rubach,1
Elżbieta,Rubach,19
Janek,Rubach,13
Jacek,Rubach,15
Maria,Rubach,9
Adam,Rubach,10
Henryk,Rubach,2
Elżbieta,Rubach,15
Janek,Rubach,8
Jacek,Rubach,3
Maria,Rubach,21
Adam,Rubach,7
Henryk,Rubach,8
Elżbieta,Rubach,5
Janek,Rubach,10
Jacek,Rubach,6
Maria,Rubach,14
Adam,Rubach,10
Henryk,Rubach,4
Elżbieta,Rubach,9
Janek,Rubach,21
Jacek,Rubach,3
Maria,Rubach,12
Adam,Rubach,2
Henryk,Rubach,21
Elżbieta,Rubach,12
Janek,Rubach,4
Jacek,Rubach,12
Maria,Rubach,4
Adam,Rubach,18
Henryk,Rubach,3
Elżbieta,Rubach,1
Janek,Rubach,2
Jacek,Rubach,14
Maria,Rubach,19
Adam,Rubach,11
Henryk,Rubach,6
Elżbieta,Rubach,20
Janek,Rubach,11
Jacek,Rubach,21
Maria,Rubach,5
Adam,Rubach,22
Henryk,Rubach,1
Elżbieta,Rubach,13
Janek,Rubach,20
Jacek,Rubach,19
Maria,Rubach,9
Adam,Rubach,9
Henryk,Rubach,19
Elżbieta,Rubach,13
Janek,Rubach,6
Jacek,Rubach,19
Maria,Rubach,6
Adam,Rubach,2
Henryk,Rubach,3
Elżbieta,Rubach,11
Janek,Rubach,17
Jacek,Rubach,4
Maria,Rubach,12
Adam,Rubach,1
Henryk,Rubach,11
Elżbieta,Rubach,15
Janek,Rubach,18
Jacek,Rubach,21
Maria,Rubach,3
Adam,Rubach,12
Henryk,Rubach,23
Elżbieta,Rubach,16
Janek,Rubach,9
Jacek,Rubach,4
Maria,Rubach,10
Adam,Rubach,2
Henryk,Rubach,17
Elżbieta,Rubach,22
Janek,Rubach,17
Jacek,Rubach,2
Maria,Rubach,16
Adam,Rubach,14
Henryk,Rubach,11
Elżbieta,Rubach,21
Janek,Rubach,9
Jacek,Rubach,14
Maria,Rubach,18
Adam,Rubach,1
Henryk,Rubach,3
Elżbieta,Rubach,14
Janek,Rubach,19
Jacek,Rubach,22
Maria,Rubach,10
Adam,Rubach,7
Henryk,Rubach,9
Elżbieta,Rubach,21
Janek,Rubach,20
Jacek,Rubach,18
Maria,Rubach,10
Adam,Rubach,3
Henryk,Rubach,0
Elżbieta,Rubach,10
Janek,Rubach,22
Jacek,Rubach,21
Maria,Rubach,2
Adam,Rubach,15
Henryk,Rubach,22
Elżbieta,Rubach,7
Janek,Rubach,18
Jacek,Rubach,11
Maria,Rubach,7
Adam,Rubach,6
Henryk,Rubach,11
Elżbieta,Rubach,3
Janek,Rubach,15
Jacek,Rubach,5
Maria,Rubach,1
Adam,Rubach,20
Henryk,Rubach,2
Elżbieta,Rubach,4
Janek,Rubach,0
Jacek,Rubach,7
Maria,Rubach,18
Adam,Rubach,14
Henryk,Rubach,11
Elżbieta,Rubach,17
Janek,Rubach,9
Jacek,Rubach,4
Maria,Rubach,4
Adam,Rubach,23
Henryk,Rubach,1
Elżbieta,Rubach,10
Janek,Rubach,21
Jacek,Rubach,14
Maria,Rubach,16
Adam,Rubach,4
Henryk,Rubach,13
Elżbieta,Rubach,20
Janek,Rubach,23
Jacek,Rubach,6
Maria,Rubach,8
Adam,Rubach,20
Henryk,Rubach,14
Elżbieta,Rubach,23
Janek,Rubach,21
Jacek,Rubach,0
Maria,Rubach,8
Adam,Rubach,6
Henryk,Rubach,23
Elżbieta,Rubach,13
Janek,Rubach,17
Jacek,Rubach,18
Maria,Rubach,4
Adam,Rubach,2
Henryk,Rubach,19
Elżbieta,Rubach,19
Janek,Rubach,11
Jacek,Rubach,19
Maria,Rubach,3
Adam,Rubach,21
Henryk,Rubach,23
Elżbieta,Rubach,22
Janek,Rubach,6
Jacek,Rubach,18
Maria,Rubach,11
Adam,Rubach,21
Henryk,Rubach,8
Elżbieta,Rubach,10
Janek,Rubach,10
Jacek,Rubach,3
Maria,Rubach,6
Adam,Rubach,7
Henryk,Rubach,3
Elżbieta,Rubach,11
Janek,Rubach,9
Jacek,Rubach,12
Maria,Rubach,4
Adam,Rubach,6
Henryk,Rubach,1
Elżbieta,Rubach,21
Janek,Rubach,17
Jacek,Rubach,16
Maria,Rubach,19
Adam,Rubach,5
Henryk,Rubach,18
Elżbieta,Rubach,1
Janek,Rubach,23
Jacek,Rubach,19
Maria,Rubach,5
Adam,Rubach,8
Henryk,Rubach,0
Elżbieta,Rubach,4
Janek,Rubach,7
Jacek,Rubach,12
Maria,Rubach,1
Adam,Rubach,8
Henryk,Rubach,23
Elżbieta,Rubach,14
Janek,Rubach,17
Jacek,Rubach,6
Maria,Rubach,6
Adam,Rubach,11
Henryk,Rubach,15
Elżbieta,Rubach,21
Janek,Rubach,20
Jacek,Rubach,9
Maria,Rubach,8
Adam,Rubach,4
Henryk,Rubach,12
Elżbieta,Rubach,0
Janek,Rubach,10
Jacek,Rubach,21
Maria,Rubach,3
Adam,Rubach,12
Henryk,Rubach,14
Elżbieta,Rubach,17
Janek,Rubach,11
Jacek,Rubach,19
Maria,Rubach,22
Adam,Rubach,3
Henryk,Rubach,10
Elżbieta,Rubach,5
Janek,Rubach,16
Jacek,Rubach,17
Maria,Rubach,6
Adam,Rubach,13
Henryk,Rubach,18
Elżbieta,Rubach,3
Janek,Rubach,1
Jacek,Rubach,21
Maria,Rubach,7
Adam,Rubach,16
Henryk,Rubach,11
Elżbieta,Rubach,8
Janek,Rubach,8
Jacek,Rubach,18
Maria,Rubach,5
Adam,Rubach,5
Henryk,Rubach,5
Elżbieta,Rubach,23
Janek,Rubach,3
Jacek,Rubach,23
Maria,Rubach,6
Adam,Rubach,4
Henryk,Rubach,12
Elżbieta,Rubach,23
Janek,Rubach,1
Jacek,Rubach,21
Maria,Rubach,22
Adam,Rubach,5
Henryk,Rubach,12
Elżbieta,Rubach,14
Janek,Rubach,5
Jacek,Rubach,15
Maria,Rubach,1
Adam,Rubach,10
Henryk,Rubach,1
Elżbieta,Rubach,16
Janek,Rubach,0
Jacek,Rubach,7
Maria,Rubach,19
Adam,Rubach,19
Henryk,Rubach,18
Elżbieta,Rubach,20
Janek,Rubach,4
Jacek,Rubach,21
Maria,Rubach,9
Adam,Rubach,23
Henryk,Rubach,18
Elżbieta,Rubach,13
Janek,Rubach,9
Jacek,Rubach,8
Maria,Rubach,18
Adam,Rubach,11
Henryk,Rubach,18
Elżbieta,Rubach,10
Janek,Rubach,18
Jacek,Rubach,6
Maria,Rubach,17
Adam,Rubach,9
Henryk,Rubach,11
Elżbieta,Rubach,11
Janek,Rubach,2
Jacek,Rubach,1
Maria,Rubach,7
Adam,Rubach,2
Henryk,Rubach,19
Elżbieta,Rubach,9
Janek,Rubach,2
Jacek,Rubach,12
Maria,Rubach,9
Adam,Rubach,13
Henryk,Rubach,18
Elżbieta,Rubach,20
Janek,Rubach,14
Jacek,Rubach,4
Maria,Rubach,0
Adam,Rubach,5
Henryk,Rubach,18
Elżbieta,Rubach,17
Janek,Rubach,20
Jacek,Rubach,23
Maria,Rubach,23
Adam,Rubach,8
Henryk,Rubach,6
Elżbieta,Rubach,0
Janek,Rubach,12
Jacek,Rubach,8
Maria,Rubach,5
Adam,Rubach,8
Henryk,Rubach,10
Elżbieta,Rubach,8
Janek,Rubach,19
Jacek,Rubach,12
Maria,Rubach,12
Adam,Rubach,15
Henryk,Rubach,9
Elżbieta,Rubach,10
Janek,Rubach,13
Jacek,Rubach,13
Maria,Rubach,4
Adam,Rubach,7
Henryk,Rubach,13
Elżbieta,Rubach,22
Janek,Rubach,3
Jacek,Rubach,12
Maria,Rubach,7
Adam,Rubach,0
Henryk,Rubach,17
Elżbieta,Rubach,20
Janek,Rubach,3
Jacek,Rubach,21
Maria,Rubach,10
Adam,Rubach,1
Henryk,Rubach,15
Elżbieta,Rubach,15
Janek,Rubach,22
Jacek,Rubach,23
Maria,Rubach,2
Adam,Rubach,0
Henryk,Rubach,3
Elżbieta,Rubach,20
Janek,Rubach,7
Jacek,Rubach,9
Maria,Rubach,20
Adam,Rubach,1
Henryk,Rubach,21
Elżbieta,Rubach,2
Janek,Rubach,2
Jacek,Rubach,6
Maria,Rubach,20
Adam,Rubach,6
